Software Version,2.09.1,,,,,,,,,,,,,,,,,,,,,,,,,,,,,,,,,,,,,
,,,,,,,,,,,,,,,,,,,,,,,,,,,,,,,,,,,,,,
Experiment File Path:,,,,,,,,,,,,,,,,,,,,,,,,,,,,,,,,,,,,,,
Protocol File Path:,C:\Users\lolalab\Desktop\Adam K- Lin\180417 ECPP time point.prt,,,,,,,,,,,,,,,,,,,,,,,,,,,,,,,,,,,,,
Plate Number,Plate 1,,,,,,,,,,,,,,,,,,,,,,,,,,,,,,,,,,,,,
Date,11/1/2018,,,,,,,,,,,,,,,,,,,,,,,,,,,,,,,,,,,,,
Time,7:50:28 PM,,,,,,,,,,,,,,,,,,,,,,,,,,,,,,,,,,,,,
Reader Type:,Synergy H1,,,,,,,,,,,,,,,,,,,,,,,,,,,,,,,,,,,,,
Reader Serial Number:,1606211F,,,,,,,,,,,,,,,,,,,,,,,,,,,,,,,,,,,,,
Reading Type,Reader,,,,,,,,,,,,,,,,,,,,,,,,,,,,,,,,,,,,,
,,,,,,,,,,,,,,,,,,,,,,,,,,,,,,,,,,,,,,
Procedure Details,,,,,,,,,,,,,,,,,,,,,,,,,,,,,,,,,,,,,,
Plate Type,Greiner 96 Black Flat Bottom Fluotrac (Use plate lid),,,,,,,,,,,,,,,,,,,,,,,,,,,,,,,,,,,,,
Eject plate on completion,,,,,,,,,,,,,,,,,,,,,,,,,,,,,,,,,,,,,,
Set Temperature,Setpoint 40°C,,,,,,,,,,,,,,,,,,,,,,,,,,,,,,,,,,,,,
,Preheat before moving to next step,,,,,,,,,,,,,,,,,,,,,,,,,,,,,,,,,,,,,
Start Kinetic,"Runtime 24:00:00 (HH:MM:SS), Interval 0:10:00, 145 Reads",,,,,,,,,,,,,,,,,,,,,,,,,,,,,,,,,,,,,
    Shake,Double Orbital: Continuous,,,,,,,,,,,,,,,,,,,,,,,,,,,,,,,,,,,,,
,Frequency: 282 cpm (3 mm),,,,,,,,,,,,,,,,,,,,,,,,,,,,,,,,,,,,,
    Read,Absorbance Endpoint,,,,,,,,,,,,,,,,,,,,,,,,,,,,,,,,,,,,,
,D1..D12,,,,,,,,,,,,,,,,,,,,,,,,,,,,,,,,,,,,,
,Wavelengths:  600,,,,,,,,,,,,,,,,,,,,,,,,,,,,,,,,,,,,,
,"Read Speed: Normal,  Delay: 100 msec,  Measurements/Data Point: 8",,,,,,,,,,,,,,,,,,,,,,,,,,,,,,,,,,,,,
    Read,Fluorescence Endpoint,,,,,,,,,,,,,,,,,,,,,,,,,,,,,,,,,,,,,
,D1..D12,,,,,,,,,,,,,,,,,,,,,,,,,,,,,,,,,,,,,
,Filter Set 1,,,,,,,,,,,,,,,,,,,,,,,,,,,,,,,,,,,,,
,"    Excitation: 510,  Emission: 540",,,,,,,,,,,,,,,,,,,,,,,,,,,,,,,,,,,,,
,"    Optics: Top,  Gain: 100",,,,,,,,,,,,,,,,,,,,,,,,,,,,,,,,,,,,,
,Filter Set 2,,,,,,,,,,,,,,,,,,,,,,,,,,,,,,,,,,,,,
,"    Excitation: 585,  Emission: 615",,,,,,,,,,,,,,,,,,,,,,,,,,,,,,,,,,,,,
,"    Optics: Top,  Gain: 100",,,,,,,,,,,,,,,,,,,,,,,,,,,,,,,,,,,,,
,"Light Source: Xenon Flash,  Lamp Energy: High",,,,,,,,,,,,,,,,,,,,,,,,,,,,,,,,,,,,,
,"Read Speed: Normal,  Delay: 100 msec,  Measurements/Data Point: 10",,,,,,,,,,,,,,,,,,,,,,,,,,,,,,,,,,,,,
,Read Height: 7 mm,,,,,,,,,,,,,,,,,,,,,,,,,,,,,,,,,,,,,
End Kinetic,,,,,,,,,,,,,,,,,,,,,,,,,,,,,,,,,,,,,,
,,,,,,,,,,,,,,,,,,,,,,,,,,,,,,,,,,,,,,
Layout,,,,,,,,,,,,,,,,,,,,,,,,,,,,,,,,,,,,,,
,,,,,,,,,,,,,,,,,,,,,,,,,,,,,,,,,,,,,,
,,1,2,3,4,5,6,7,8,9,10,11,12,,,,,,,,,,,,,,,,,,,,,,,,,
,A,,,,,,,,,,,,,Well ID,,,,,,,,,,,,,,,,,,,,,,,,
,B,,,,,,,,,,,,,Well ID,,,,,,,,,,,,,,,,,,,,,,,,
,C,SPL1,SPL4,SPL7,SPL10,SPL13,SPL16,SPL19,SPL22,SPL25,SPL28,SPL31,SPL34,Well ID,,,,,,,,,,,,,,,,,,,,,,,,
,D,SPL2,SPL5,SPL8,SPL11,SPL14,SPL17,SPL20,SPL23,SPL26,SPL29,SPL32,SPL35,Well ID,,,,,,,,,,,,,,,,,,,,,,,,
,E,SPL3,SPL6,SPL9,SPL12,SPL15,SPL18,SPL21,SPL24,SPL27,SPL30,SPL33,SPL36,Well ID,,,,,,,,,,,,,,,,,,,,,,,,
,F,,,,,,,,,,,,,Well ID,,,,,,,,,,,,,,,,,,,,,,,,
,G,,,,,,,,,,,,,Well ID,,,,,,,,,,,,,,,,,,,,,,,,
,H,,,,,,,,,,,,,Well ID,,,,,,,,,,,,,,,,,,,,,,,,
,,,,,,,,,,,,,,,,,,,,,,,,,,,,,,,,,,,,,,
Read 1:600,,,,,,,,,,,,,,,,,,,,,,,,,,,,,,,,,,,,,,
,,,,,,,,,,,,,,,,,,,,,,,,,,,,,,,,,,,,,,
,Time,T° Read 1:600,C1,C2,C3,C4,C5,C6,C7,C8,C9,C10,C11,C12,D1,D2,D3,D4,D5,D6,D7,D8,D9,D10,D11,D12,E1,E2,E3,E4,E5,E6,E7,E8,E9,E10,E11,E12
,0:09:31,40,,,,,,,,,,,,,0.086,0.089,0.089,0.089,0.089,0.088,0.088,0.089,0.088,0.089,0.085,0.09,,,,,,,,,,,,
,0:19:31,40,,,,,,,,,,,,,0.086,0.089,0.089,0.089,0.089,0.087,0.088,0.088,0.089,0.089,0.085,0.09,,,,,,,,,,,,
,0:29:31,40,,,,,,,,,,,,,0.086,0.09,0.089,0.089,0.089,0.087,0.088,0.088,0.088,0.088,0.085,0.09,,,,,,,,,,,,
,0:39:31,40,,,,,,,,,,,,,0.086,0.09,0.089,0.09,0.089,0.087,0.088,0.087,0.088,0.088,0.085,0.09,,,,,,,,,,,,
,0:49:31,40,,,,,,,,,,,,,0.086,0.091,0.09,0.09,0.089,0.088,0.089,0.087,0.087,0.089,0.085,0.09,,,,,,,,,,,,
,0:59:31,40,,,,,,,,,,,,,0.086,0.092,0.091,0.091,0.09,0.088,0.089,0.087,0.087,0.089,0.085,0.09,,,,,,,,,,,,
,1:09:31,40,,,,,,,,,,,,,0.086,0.092,0.092,0.092,0.09,0.089,0.089,0.087,0.087,0.088,0.085,0.09,,,,,,,,,,,,
,1:19:31,40,,,,,,,,,,,,,0.086,0.093,0.093,0.093,0.091,0.089,0.09,0.087,0.087,0.089,0.085,0.09,,,,,,,,,,,,
,1:29:31,40,,,,,,,,,,,,,0.086,0.094,0.094,0.094,0.091,0.09,0.091,0.087,0.087,0.09,0.085,0.09,,,,,,,,,,,,
,1:39:31,40,,,,,,,,,,,,,0.086,0.095,0.095,0.095,0.092,0.091,0.092,0.087,0.088,0.089,0.085,0.09,,,,,,,,,,,,
,1:49:31,40,,,,,,,,,,,,,0.086,0.097,0.097,0.096,0.093,0.092,0.093,0.087,0.088,0.09,0.085,0.09,,,,,,,,,,,,
,1:59:31,40,,,,,,,,,,,,,0.086,0.098,0.099,0.098,0.094,0.093,0.094,0.088,0.088,0.09,0.085,0.09,,,,,,,,,,,,
,2:09:31,40,,,,,,,,,,,,,0.086,0.1,0.101,0.099,0.095,0.094,0.096,0.089,0.089,0.091,0.085,0.09,,,,,,,,,,,,
,2:19:31,40,,,,,,,,,,,,,0.086,0.102,0.103,0.101,0.097,0.096,0.096,0.089,0.089,0.092,0.085,0.09,,,,,,,,,,,,
,2:29:31,40,,,,,,,,,,,,,0.086,0.104,0.106,0.103,0.098,0.098,0.1,0.089,0.089,0.092,0.085,0.09,,,,,,,,,,,,
,2:39:31,40,,,,,,,,,,,,,0.086,0.108,0.111,0.106,0.1,0.1,0.1,0.091,0.09,0.092,0.085,0.09,,,,,,,,,,,,
,2:49:31,40,,,,,,,,,,,,,0.086,0.112,0.114,0.109,0.102,0.102,0.102,0.092,0.09,0.093,0.085,0.09,,,,,,,,,,,,
,2:59:31,40,,,,,,,,,,,,,0.086,0.115,0.119,0.112,0.105,0.105,0.104,0.094,0.09,0.093,0.085,0.09,,,,,,,,,,,,
,3:09:31,39.9,,,,,,,,,,,,,0.086,0.118,0.122,0.115,0.107,0.107,0.107,0.094,0.091,0.093,0.085,0.09,,,,,,,,,,,,
,3:19:31,40,,,,,,,,,,,,,0.086,0.122,0.124,0.118,0.109,0.112,0.109,0.095,0.09,0.094,0.085,0.09,,,,,,,,,,,,
,3:29:31,40,,,,,,,,,,,,,0.086,0.124,0.129,0.124,0.112,0.114,0.111,0.099,0.091,0.095,0.085,0.09,,,,,,,,,,,,
,3:39:31,40,,,,,,,,,,,,,0.086,0.128,0.136,0.131,0.115,0.118,0.114,0.096,0.095,0.096,0.085,0.09,,,,,,,,,,,,
,3:49:31,40,,,,,,,,,,,,,0.086,0.132,0.143,0.144,0.119,0.121,0.118,0.098,0.099,0.097,0.085,0.09,,,,,,,,,,,,
,3:59:31,40,,,,,,,,,,,,,0.086,0.137,0.154,0.155,0.124,0.127,0.123,0.102,0.099,0.098,0.085,0.09,,,,,,,,,,,,
,4:09:31,40,,,,,,,,,,,,,0.086,0.142,0.162,0.164,0.134,0.133,0.129,0.099,0.099,0.099,0.085,0.09,,,,,,,,,,,,
,4:19:31,40,,,,,,,,,,,,,0.086,0.149,0.171,0.174,0.145,0.142,0.138,0.102,0.101,0.103,0.085,0.09,,,,,,,,,,,,
,4:29:31,40,,,,,,,,,,,,,0.086,0.158,0.18,0.186,0.152,0.155,0.148,0.102,0.105,0.105,0.085,0.09,,,,,,,,,,,,
,4:39:31,40,,,,,,,,,,,,,0.086,0.167,0.19,0.199,0.161,0.166,0.158,0.106,0.108,0.107,0.085,0.09,,,,,,,,,,,,
,4:49:31,40,,,,,,,,,,,,,0.086,0.179,0.202,0.21,0.172,0.178,0.17,0.104,0.108,0.113,0.085,0.09,,,,,,,,,,,,
,4:59:31,40,,,,,,,,,,,,,0.086,0.192,0.216,0.225,0.184,0.194,0.184,0.106,0.111,0.116,0.085,0.09,,,,,,,,,,,,
,5:09:31,40,,,,,,,,,,,,,0.086,0.206,0.23,0.241,0.196,0.21,0.197,0.111,0.111,0.122,0.085,0.09,,,,,,,,,,,,
,5:19:31,40,,,,,,,,,,,,,0.086,0.221,0.245,0.25,0.207,0.225,0.211,0.111,0.115,0.127,0.085,0.09,,,,,,,,,,,,
,5:29:31,40,,,,,,,,,,,,,0.086,0.239,0.262,0.261,0.217,0.239,0.224,0.113,0.116,0.132,0.085,0.09,,,,,,,,,,,,
,5:39:31,40,,,,,,,,,,,,,0.086,0.259,0.281,0.277,0.229,0.254,0.237,0.115,0.121,0.137,0.085,0.09,,,,,,,,,,,,
,5:49:31,40,,,,,,,,,,,,,0.086,0.279,0.295,0.292,0.241,0.268,0.25,0.118,0.127,0.14,0.085,0.09,,,,,,,,,,,,
,5:59:31,40,,,,,,,,,,,,,0.086,0.297,0.308,0.31,0.254,0.282,0.266,0.12,0.13,0.146,0.085,0.09,,,,,,,,,,,,
,6:09:31,40,,,,,,,,,,,,,0.086,0.313,0.328,0.327,0.268,0.297,0.284,0.122,0.129,0.148,0.085,0.09,,,,,,,,,,,,
,6:19:31,40,,,,,,,,,,,,,0.086,0.328,0.339,0.342,0.281,0.307,0.304,0.122,0.124,0.154,0.085,0.09,,,,,,,,,,,,
,6:29:31,40,,,,,,,,,,,,,0.086,0.344,0.351,0.356,0.294,0.318,0.317,0.123,0.127,0.16,0.085,0.09,,,,,,,,,,,,
,6:39:31,40,,,,,,,,,,,,,0.086,0.356,0.362,0.372,0.308,0.331,0.331,0.125,0.133,0.168,0.085,0.09,,,,,,,,,,,,
,6:49:31,40,,,,,,,,,,,,,0.086,0.366,0.374,0.39,0.32,0.343,0.343,0.129,0.132,0.176,0.086,0.09,,,,,,,,,,,,
,6:59:31,40,,,,,,,,,,,,,0.086,0.374,0.388,0.395,0.331,0.353,0.355,0.131,0.139,0.186,0.085,0.09,,,,,,,,,,,,
,7:09:31,40,,,,,,,,,,,,,0.086,0.383,0.407,0.4,0.341,0.359,0.364,0.137,0.144,0.196,0.085,0.09,,,,,,,,,,,,
,7:19:31,40,,,,,,,,,,,,,0.086,0.394,0.416,0.407,0.351,0.369,0.373,0.143,0.151,0.206,0.085,0.09,,,,,,,,,,,,
,7:29:31,40,,,,,,,,,,,,,0.086,0.41,0.427,0.415,0.359,0.378,0.383,0.151,0.158,0.217,0.085,0.09,,,,,,,,,,,,
,7:39:31,40,,,,,,,,,,,,,0.086,0.421,0.431,0.431,0.367,0.386,0.395,0.16,0.167,0.228,0.085,0.09,,,,,,,,,,,,
,7:49:31,40,,,,,,,,,,,,,0.086,0.437,0.438,0.443,0.375,0.389,0.4,0.171,0.179,0.237,0.085,0.09,,,,,,,,,,,,
,7:59:31,40,,,,,,,,,,,,,0.086,0.458,0.462,0.455,0.382,0.4,0.41,0.183,0.193,0.249,0.085,0.09,,,,,,,,,,,,
,8:09:31,40,,,,,,,,,,,,,0.086,0.484,0.488,0.47,0.389,0.403,0.414,0.197,0.21,0.259,0.085,0.09,,,,,,,,,,,,
,8:19:31,40,,,,,,,,,,,,,0.086,0.493,0.5,0.476,0.396,0.412,0.424,0.212,0.225,0.268,0.085,0.09,,,,,,,,,,,,
,8:29:31,40,,,,,,,,,,,,,0.086,0.489,0.513,0.491,0.402,0.42,0.435,0.228,0.243,0.28,0.085,0.09,,,,,,,,,,,,
,8:39:31,40,,,,,,,,,,,,,0.086,0.497,0.563,0.521,0.409,0.426,0.442,0.243,0.263,0.288,0.085,0.09,,,,,,,,,,,,
,8:49:31,40,,,,,,,,,,,,,0.086,0.498,0.592,0.544,0.416,0.433,0.449,0.259,0.28,0.298,0.085,0.09,,,,,,,,,,,,
,8:59:31,40,,,,,,,,,,,,,0.086,0.503,0.617,0.566,0.423,0.437,0.452,0.274,0.297,0.31,0.085,0.09,,,,,,,,,,,,
,9:09:31,40,,,,,,,,,,,,,0.086,0.511,0.64,0.587,0.429,0.445,0.461,0.29,0.312,0.32,0.085,0.09,,,,,,,,,,,,
,9:19:31,40,,,,,,,,,,,,,0.086,0.519,0.653,0.605,0.435,0.45,0.465,0.304,0.325,0.334,0.085,0.09,,,,,,,,,,,,
,9:29:31,40,,,,,,,,,,,,,0.086,0.525,0.668,0.619,0.439,0.46,0.474,0.316,0.338,0.349,0.085,0.09,,,,,,,,,,,,
,9:39:31,40,,,,,,,,,,,,,0.086,0.527,0.684,0.638,0.446,0.466,0.482,0.33,0.353,0.357,0.085,0.09,,,,,,,,,,,,
,9:49:31,40,,,,,,,,,,,,,0.086,0.532,0.695,0.657,0.451,0.472,0.49,0.341,0.366,0.365,0.085,0.09,,,,,,,,,,,,
,9:59:31,40,,,,,,,,,,,,,0.086,0.542,0.708,0.669,0.459,0.479,0.495,0.352,0.379,0.377,0.085,0.09,,,,,,,,,,,,
,10:09:31,40,,,,,,,,,,,,,0.086,0.547,0.717,0.686,0.465,0.485,0.502,0.363,0.393,0.385,0.085,0.09,,,,,,,,,,,,
,10:19:31,40,,,,,,,,,,,,,0.086,0.555,0.731,0.699,0.469,0.495,0.51,0.373,0.408,0.397,0.085,0.09,,,,,,,,,,,,
,10:29:31,40,,,,,,,,,,,,,0.086,0.567,0.738,0.707,0.476,0.499,0.515,0.383,0.416,0.408,0.085,0.09,,,,,,,,,,,,
,10:39:31,40,,,,,,,,,,,,,0.086,0.583,0.746,0.716,0.485,0.502,0.515,0.393,0.423,0.421,0.085,0.09,,,,,,,,,,,,
,10:49:31,40,,,,,,,,,,,,,0.086,0.614,0.746,0.725,0.488,0.511,0.527,0.4,0.432,0.431,0.085,0.09,,,,,,,,,,,,
,10:59:31,40,,,,,,,,,,,,,0.086,0.644,0.765,0.734,0.497,0.516,0.533,0.409,0.441,0.445,0.085,0.09,,,,,,,,,,,,
,11:09:31,40,,,,,,,,,,,,,0.086,0.66,0.774,0.748,0.498,0.523,0.542,0.416,0.453,0.459,0.085,0.09,,,,,,,,,,,,
,11:19:31,40,,,,,,,,,,,,,0.086,0.686,0.78,0.753,0.504,0.531,0.551,0.424,0.466,0.468,0.085,0.09,,,,,,,,,,,,
,11:29:31,40,,,,,,,,,,,,,0.086,0.711,0.795,0.766,0.508,0.535,0.556,0.434,0.475,0.484,0.085,0.09,,,,,,,,,,,,
,11:39:31,40,,,,,,,,,,,,,0.086,0.715,0.807,0.775,0.513,0.54,0.563,0.443,0.489,0.486,0.085,0.09,,,,,,,,,,,,
,11:49:31,40,,,,,,,,,,,,,0.086,0.746,0.813,0.785,0.517,0.548,0.567,0.45,0.497,0.498,0.085,0.09,,,,,,,,,,,,
,11:59:31,40,,,,,,,,,,,,,0.086,0.759,0.83,0.789,0.523,0.549,0.57,0.46,0.505,0.505,0.085,0.09,,,,,,,,,,,,
,12:09:31,40,,,,,,,,,,,,,0.086,0.752,0.838,0.797,0.529,0.555,0.574,0.469,0.519,0.514,0.085,0.09,,,,,,,,,,,,
,12:19:31,40,,,,,,,,,,,,,0.086,0.753,0.828,0.803,0.529,0.559,0.58,0.478,0.532,0.517,0.085,0.09,,,,,,,,,,,,
,12:29:31,40,,,,,,,,,,,,,0.086,0.751,0.823,0.805,0.535,0.56,0.583,0.488,0.541,0.524,0.085,0.09,,,,,,,,,,,,
,12:39:31,40,,,,,,,,,,,,,0.086,0.752,0.83,0.818,0.539,0.563,0.584,0.497,0.549,0.53,0.085,0.09,,,,,,,,,,,,
,12:49:31,40,,,,,,,,,,,,,0.086,0.757,0.832,0.824,0.545,0.568,0.59,0.505,0.559,0.535,0.085,0.09,,,,,,,,,,,,
,12:59:31,40,,,,,,,,,,,,,0.086,0.755,0.837,0.83,0.546,0.57,0.594,0.512,0.569,0.537,0.085,0.09,,,,,,,,,,,,
,13:09:31,40,,,,,,,,,,,,,0.086,0.758,0.844,0.835,0.55,0.573,0.598,0.522,0.577,0.542,0.085,0.09,,,,,,,,,,,,
,13:19:31,40,,,,,,,,,,,,,0.086,0.764,0.844,0.836,0.554,0.579,0.604,0.531,0.585,0.547,0.085,0.09,,,,,,,,,,,,
,13:29:31,40,,,,,,,,,,,,,0.086,0.765,0.855,0.848,0.549,0.58,0.609,0.539,0.594,0.554,0.085,0.09,,,,,,,,,,,,
,13:39:31,40,,,,,,,,,,,,,0.086,0.772,0.861,0.855,0.547,0.584,0.614,0.546,0.601,0.557,0.085,0.09,,,,,,,,,,,,
,13:49:31,40,,,,,,,,,,,,,0.086,0.778,0.867,0.856,0.563,0.588,0.615,0.555,0.605,0.561,0.085,0.09,,,,,,,,,,,,
,13:59:31,40,,,,,,,,,,,,,0.086,0.786,0.878,0.866,0.563,0.595,0.621,0.562,0.611,0.567,0.085,0.09,,,,,,,,,,,,
,14:09:31,40,,,,,,,,,,,,,0.086,0.8,0.887,0.873,0.568,0.602,0.622,0.571,0.619,0.575,0.085,0.09,,,,,,,,,,,,
,14:19:31,40,,,,,,,,,,,,,0.086,0.81,0.899,0.877,0.57,0.613,0.627,0.577,0.623,0.579,0.085,0.09,,,,,,,,,,,,
,14:29:31,40,,,,,,,,,,,,,0.086,0.822,0.904,0.878,0.574,0.619,0.632,0.586,0.627,0.584,0.085,0.09,,,,,,,,,,,,
,14:39:31,40,,,,,,,,,,,,,0.086,0.84,0.918,0.88,0.575,0.625,0.641,0.592,0.633,0.591,0.085,0.09,,,,,,,,,,,,
,14:49:31,40,,,,,,,,,,,,,0.086,0.864,0.923,0.885,0.577,0.636,0.651,0.596,0.639,0.595,0.085,0.09,,,,,,,,,,,,
,14:59:31,40,,,,,,,,,,,,,0.086,0.884,0.923,0.888,0.581,0.65,0.661,0.604,0.643,0.601,0.085,0.09,,,,,,,,,,,,
,15:09:31,40,,,,,,,,,,,,,0.086,0.902,0.923,0.885,0.589,0.67,0.668,0.611,0.648,0.605,0.085,0.09,,,,,,,,,,,,
,15:19:31,40,,,,,,,,,,,,,0.086,0.911,0.923,0.884,0.599,0.689,0.679,0.616,0.65,0.609,0.085,0.09,,,,,,,,,,,,
,15:29:31,40,,,,,,,,,,,,,0.086,0.914,0.922,0.884,0.618,0.707,0.691,0.62,0.654,0.613,0.085,0.09,,,,,,,,,,,,
,15:39:31,40,,,,,,,,,,,,,0.086,0.915,0.922,0.882,0.654,0.717,0.694,0.625,0.658,0.62,0.085,0.09,,,,,,,,,,,,
,15:49:31,40,,,,,,,,,,,,,0.086,0.918,0.922,0.881,0.675,0.729,0.693,0.63,0.658,0.625,0.085,0.09,,,,,,,,,,,,
,15:59:31,40,,,,,,,,,,,,,0.086,0.922,0.923,0.882,0.697,0.747,0.695,0.631,0.668,0.63,0.085,0.09,,,,,,,,,,,,
,16:09:31,40,,,,,,,,,,,,,0.086,0.924,0.926,0.884,0.71,0.754,0.7,0.638,0.671,0.637,0.085,0.09,,,,,,,,,,,,
,16:19:31,40,,,,,,,,,,,,,0.086,0.924,0.928,0.888,0.718,0.761,0.7,0.641,0.672,0.64,0.085,0.09,,,,,,,,,,,,
,16:29:31,40,,,,,,,,,,,,,0.086,0.926,0.928,0.888,0.734,0.765,0.698,0.643,0.675,0.646,0.085,0.09,,,,,,,,,,,,
,16:39:31,40,,,,,,,,,,,,,0.086,0.927,0.93,0.889,0.736,0.777,0.705,0.648,0.681,0.653,0.085,0.09,,,,,,,,,,,,
,16:49:31,40,,,,,,,,,,,,,0.086,0.928,0.932,0.89,0.744,0.781,0.706,0.65,0.681,0.658,0.085,0.09,,,,,,,,,,,,
,16:59:31,40,,,,,,,,,,,,,0.086,0.93,0.933,0.892,0.75,0.78,0.708,0.65,0.685,0.664,0.085,0.09,,,,,,,,,,,,
,17:09:31,40,,,,,,,,,,,,,0.086,0.93,0.936,0.895,0.753,0.789,0.708,0.654,0.69,0.669,0.085,0.09,,,,,,,,,,,,
,17:19:31,40,,,,,,,,,,,,,0.086,0.933,0.937,0.896,0.758,0.788,0.705,0.66,0.692,0.673,0.085,0.09,,,,,,,,,,,,
,17:29:31,40,,,,,,,,,,,,,0.086,0.935,0.938,0.898,0.761,0.792,0.703,0.66,0.694,0.676,0.085,0.09,,,,,,,,,,,,
,17:39:31,40,,,,,,,,,,,,,0.086,0.937,0.94,0.899,0.763,0.79,0.697,0.662,0.696,0.679,0.085,0.09,,,,,,,,,,,,
,17:49:31,40,,,,,,,,,,,,,0.086,0.938,0.943,0.902,0.768,0.797,0.709,0.67,0.704,0.685,0.085,0.09,,,,,,,,,,,,
,17:59:31,40,,,,,,,,,,,,,0.086,0.94,0.942,0.901,0.767,0.796,0.71,0.67,0.703,0.688,0.085,0.09,,,,,,,,,,,,
,18:09:31,40,,,,,,,,,,,,,0.086,0.941,0.943,0.9,0.768,0.797,0.707,0.673,0.708,0.691,0.085,0.09,,,,,,,,,,,,
,18:19:31,40,,,,,,,,,,,,,0.086,0.942,0.944,0.902,0.767,0.797,0.705,0.674,0.711,0.694,0.085,0.09,,,,,,,,,,,,
,18:29:31,40,,,,,,,,,,,,,0.086,0.944,0.946,0.9,0.767,0.799,0.705,0.677,0.709,0.698,0.085,0.09,,,,,,,,,,,,
,18:39:31,40,,,,,,,,,,,,,0.086,0.943,0.946,0.901,0.765,0.799,0.704,0.68,0.713,0.704,0.085,0.09,,,,,,,,,,,,
,18:49:31,40,,,,,,,,,,,,,0.086,0.944,0.946,0.901,0.763,0.797,0.699,0.68,0.711,0.705,0.085,0.09,,,,,,,,,,,,
,18:59:31,40,,,,,,,,,,,,,0.086,0.945,0.946,0.902,0.764,0.798,0.702,0.685,0.713,0.711,0.085,0.09,,,,,,,,,,,,
,19:09:31,40,,,,,,,,,,,,,0.086,0.944,0.947,0.901,0.765,0.798,0.699,0.687,0.713,0.712,0.085,0.09,,,,,,,,,,,,
,19:19:31,40,,,,,,,,,,,,,0.086,0.946,0.946,0.9,0.766,0.799,0.706,0.69,0.716,0.715,0.085,0.09,,,,,,,,,,,,
,19:29:31,40,,,,,,,,,,,,,0.086,0.945,0.947,0.9,0.767,0.797,0.705,0.693,0.718,0.717,0.085,0.09,,,,,,,,,,,,
,19:39:31,40,,,,,,,,,,,,,0.086,0.945,0.947,0.9,0.766,0.798,0.706,0.695,0.72,0.719,0.085,0.09,,,,,,,,,,,,
,19:49:31,40,,,,,,,,,,,,,0.086,0.945,0.946,0.899,0.768,0.799,0.707,0.697,0.722,0.721,0.085,0.09,,,,,,,,,,,,
,19:59:31,40,,,,,,,,,,,,,0.086,0.945,0.945,0.898,0.768,0.8,0.709,0.698,0.723,0.723,0.085,0.09,,,,,,,,,,,,
,20:09:31,40,,,,,,,,,,,,,0.086,0.945,0.947,0.899,0.765,0.797,0.704,0.701,0.723,0.724,0.085,0.09,,,,,,,,,,,,
,20:19:31,40,,,,,,,,,,,,,0.086,0.944,0.946,0.897,0.765,0.797,0.705,0.702,0.723,0.726,0.085,0.09,,,,,,,,,,,,
,20:29:31,40,,,,,,,,,,,,,0.086,0.946,0.947,0.898,0.766,0.802,0.708,0.703,0.729,0.73,0.085,0.09,,,,,,,,,,,,
,20:39:31,40,,,,,,,,,,,,,0.086,0.944,0.946,0.897,0.764,0.8,0.705,0.705,0.728,0.731,0.085,0.09,,,,,,,,,,,,
,20:49:31,40,,,,,,,,,,,,,0.086,0.944,0.947,0.897,0.766,0.804,0.711,0.707,0.732,0.733,0.085,0.09,,,,,,,,,,,,
,20:59:31,40,,,,,,,,,,,,,0.086,0.944,0.945,0.894,0.765,0.804,0.712,0.707,0.732,0.733,0.085,0.09,,,,,,,,,,,,
,21:09:31,40,,,,,,,,,,,,,0.086,0.944,0.944,0.893,0.768,0.806,0.72,0.71,0.732,0.735,0.085,0.09,,,,,,,,,,,,
,21:19:31,40,,,,,,,,,,,,,0.086,0.943,0.944,0.894,0.771,0.808,0.727,0.71,0.735,0.737,0.085,0.09,,,,,,,,,,,,
,21:29:31,40,,,,,,,,,,,,,0.086,0.943,0.943,0.892,0.773,0.809,0.728,0.712,0.733,0.738,0.085,0.09,,,,,,,,,,,,
,21:39:31,40,,,,,,,,,,,,,0.086,0.943,0.944,0.892,0.778,0.812,0.738,0.713,0.738,0.739,0.085,0.09,,,,,,,,,,,,
,21:49:31,40,,,,,,,,,,,,,0.086,0.944,0.944,0.891,0.784,0.814,0.742,0.716,0.739,0.739,0.085,0.09,,,,,,,,,,,,
,21:59:31,40,,,,,,,,,,,,,0.086,0.944,0.944,0.891,0.788,0.816,0.748,0.716,0.742,0.74,0.085,0.09,,,,,,,,,,,,
,22:09:31,40,,,,,,,,,,,,,0.086,0.943,0.944,0.89,0.789,0.816,0.754,0.718,0.741,0.74,0.085,0.09,,,,,,,,,,,,
,22:19:31,40,,,,,,,,,,,,,0.086,0.942,0.944,0.889,0.795,0.817,0.758,0.719,0.744,0.741,0.085,0.09,,,,,,,,,,,,
,22:29:31,40,,,,,,,,,,,,,0.086,0.942,0.942,0.888,0.796,0.816,0.764,0.717,0.747,0.742,0.085,0.09,,,,,,,,,,,,
,0:00:00,,,,,,,,,,,,,,,,,,,,,,,,,,,,,,,,,,,,,
,0:00:00,,,,,,,,,,,,,,,,,,,,,,,,,,,,,,,,,,,,,
,0:00:00,,,,,,,,,,,,,,,,,,,,,,,,,,,,,,,,,,,,,
,0:00:00,,,,,,,,,,,,,,,,,,,,,,,,,,,,,,,,,,,,,
,0:00:00,,,,,,,,,,,,,,,,,,,,,,,,,,,,,,,,,,,,,
,0:00:00,,,,,,,,,,,,,,,,,,,,,,,,,,,,,,,,,,,,,
,0:00:00,,,,,,,,,,,,,,,,,,,,,,,,,,,,,,,,,,,,,
,0:00:00,,,,,,,,,,,,,,,,,,,,,,,,,,,,,,,,,,,,,
,0:00:00,,,,,,,,,,,,,,,,,,,,,,,,,,,,,,,,,,,,,
,0:00:00,,,,,,,,,,,,,,,,,,,,,,,,,,,,,,,,,,,,,
,,,,,,,,,,,,,,,,,,,,,,,,,,,,,,,,,,,,,,
"Read 2:510,540",,,,,,,,,,,,,,,,,,,,,,,,,,,,,,,,,,,,,,
,,,,,,,,,,,,,,,,,,,,,,,,,,,,,,,,,,,,,,
,Time,"T° Read 2:510,540",C1,C2,C3,C4,C5,C6,C7,C8,C9,C10,C11,C12,D1,D2,D3,D4,D5,D6,D7,D8,D9,D10,D11,D12,E1,E2,E3,E4,E5,E6,E7,E8,E9,E10,E11,E12
,0:09:39,40,,,,,,,,,,,,,80,365,363,371,229,259,224,78,78,71,78,66,,,,,,,,,,,,
,0:19:39,39.9,,,,,,,,,,,,,69,365,361,349,214,242,217,74,76,76,67,73,,,,,,,,,,,,
,0:29:39,40,,,,,,,,,,,,,72,366,377,363,232,243,219,79,75,80,74,71,,,,,,,,,,,,
,0:39:39,40,,,,,,,,,,,,,69,391,388,395,229,256,226,71,73,74,72,60,,,,,,,,,,,,
,0:49:39,39.9,,,,,,,,,,,,,79,429,433,438,262,286,252,74,66,73,76,72,,,,,,,,,,,,
,0:59:39,40,,,,,,,,,,,,,71,470,498,479,286,326,284,79,83,74,80,71,,,,,,,,,,,,
,1:09:39,40,,,,,,,,,,,,,72,507,538,518,311,347,301,72,71,69,69,63,,,,,,,,,,,,
,1:19:39,40,,,,,,,,,,,,,88,537,556,553,320,384,323,69,83,59,69,71,,,,,,,,,,,,
,1:29:39,40,,,,,,,,,,,,,77,560,599,570,343,385,345,76,77,77,76,70,,,,,,,,,,,,
,1:39:39,40,,,,,,,,,,,,,77,574,643,629,361,420,378,73,72,74,71,65,,,,,,,,,,,,
,1:49:39,40,,,,,,,,,,,,,78,642,667,650,374,431,392,71,69,78,77,58,,,,,,,,,,,,
,1:59:39,40,,,,,,,,,,,,,70,665,715,704,435,487,416,74,62,73,64,61,,,,,,,,,,,,
,2:09:39,40,,,,,,,,,,,,,71,723,766,766,460,525,455,71,74,79,69,69,,,,,,,,,,,,
,2:19:39,40,,,,,,,,,,,,,60,805,867,853,510,592,509,69,72,72,68,76,,,,,,,,,,,,
,2:29:39,40,,,,,,,,,,,,,66,920,980,949,555,624,572,71,70,81,71,74,,,,,,,,,,,,
,2:39:39,40,,,,,,,,,,,,,66,1053,1111,1094,615,689,612,76,73,77,69,69,,,,,,,,,,,,
,2:49:39,40,,,,,,,,,,,,,72,1194,1210,1198,686,776,715,69,66,84,70,66,,,,,,,,,,,,
,2:59:39,40,,,,,,,,,,,,,66,1301,1392,1269,732,841,753,75,75,81,67,66,,,,,,,,,,,,
,3:09:39,40,,,,,,,,,,,,,70,1437,1573,1411,823,948,843,84,79,75,68,68,,,,,,,,,,,,
,3:19:39,40,,,,,,,,,,,,,76,1562,1702,1569,927,995,960,82,74,76,67,62,,,,,,,,,,,,
,3:29:39,40,,,,,,,,,,,,,62,1663,1898,1793,1011,1180,1006,76,72,78,71,71,,,,,,,,,,,,
,3:39:39,40,,,,,,,,,,,,,71,1802,2071,1965,1174,1277,1135,74,70,75,69,63,,,,,,,,,,,,
,3:49:39,40,,,,,,,,,,,,,70,1988,2230,2226,1245,1410,1294,71,66,70,67,70,,,,,,,,,,,,
,3:59:39,40,,,,,,,,,,,,,73,2154,2467,2478,1423,1594,1466,72,76,84,65,70,,,,,,,,,,,,
,4:09:39,40,,,,,,,,,,,,,72,2342,2643,2590,1613,1670,1652,79,67,76,65,70,,,,,,,,,,,,
,4:19:39,40,,,,,,,,,,,,,71,2512,2847,2845,1733,1969,1763,77,82,79,68,70,,,,,,,,,,,,
,4:29:39,40,,,,,,,,,,,,,62,2782,3142,3083,1886,2138,1878,79,68,70,64,70,,,,,,,,,,,,
,4:39:39,40,,,,,,,,,,,,,77,3049,3363,3279,1969,2237,2065,79,69,82,73,67,,,,,,,,,,,,
,4:49:39,40,,,,,,,,,,,,,69,3351,3617,3589,2172,2402,2247,73,73,83,69,69,,,,,,,,,,,,
,4:59:39,40,,,,,,,,,,,,,63,3741,3971,3808,2375,2644,2360,71,70,82,85,67,,,,,,,,,,,,
,5:09:39,40,,,,,,,,,,,,,73,3937,4264,4240,2565,2796,2566,70,78,79,70,71,,,,,,,,,,,,
,5:19:39,40,,,,,,,,,,,,,69,4304,4497,4416,2762,3046,2784,74,76,74,69,66,,,,,,,,,,,,
,5:29:39,40,,,,,,,,,,,,,73,4523,4662,4583,2976,3239,2952,88,84,77,70,69,,,,,,,,,,,,
,5:39:39,40,,,,,,,,,,,,,82,4923,4930,4840,3090,3482,3205,88,75,88,67,78,,,,,,,,,,,,
,5:49:39,40,,,,,,,,,,,,,68,5151,5102,5145,3327,3598,3433,86,79,84,70,66,,,,,,,,,,,,
,5:59:39,40,,,,,,,,,,,,,57,5186,5336,5432,3470,3788,3676,80,81,81,64,65,,,,,,,,,,,,
,6:09:39,40,,,,,,,,,,,,,65,5392,5459,5663,3682,4054,3849,82,94,90,63,71,,,,,,,,,,,,
,6:19:39,40,,,,,,,,,,,,,75,5496,5617,5800,3855,4235,4093,82,92,87,70,67,,,,,,,,,,,,
,6:29:39,40,,,,,,,,,,,,,63,5521,5767,6160,4053,4243,4259,78,88,92,68,63,,,,,,,,,,,,
,6:39:39,40,,,,,,,,,,,,,70,5770,5805,6147,4157,4405,4324,83,86,92,70,74,,,,,,,,,,,,
,6:49:39,40,,,,,,,,,,,,,67,5892,5881,6377,4299,4612,4549,83,95,82,67,62,,,,,,,,,,,,
,6:59:39,40,,,,,,,,,,,,,82,5825,5976,6332,4444,4665,4676,87,89,103,64,67,,,,,,,,,,,,
,7:09:39,40,,,,,,,,,,,,,72,5955,6148,6273,4548,4729,4673,90,93,94,67,76,,,,,,,,,,,,
,7:19:39,40,,,,,,,,,,,,,67,6081,6209,6345,4521,4774,4799,88,84,105,66,69,,,,,,,,,,,,
,7:29:39,39.9,,,,,,,,,,,,,68,6132,6275,6289,4546,4892,4776,93,94,103,70,72,,,,,,,,,,,,
,7:39:39,40,,,,,,,,,,,,,77,6184,6225,6362,4588,4783,4860,93,95,105,67,73,,,,,,,,,,,,
,7:49:39,40,,,,,,,,,,,,,72,6276,6186,6499,4635,4811,4971,102,94,105,71,67,,,,,,,,,,,,
,7:59:39,40,,,,,,,,,,,,,67,6407,6299,6586,4646,4844,4958,99,104,113,65,71,,,,,,,,,,,,
,8:09:39,40,,,,,,,,,,,,,79,6512,6447,6527,4665,4858,5004,100,92,110,76,71,,,,,,,,,,,,
,8:19:39,40,,,,,,,,,,,,,73,6492,6327,6605,4624,4912,4994,101,107,105,70,75,,,,,,,,,,,,
,8:29:39,40,,,,,,,,,,,,,72,6382,6577,6620,4740,4836,5057,97,101,116,68,69,,,,,,,,,,,,
,8:39:39,40,,,,,,,,,,,,,68,6459,6621,6747,4567,4905,5068,108,97,97,75,68,,,,,,,,,,,,
,8:49:39,40,,,,,,,,,,,,,72,6365,6747,6908,4619,4953,5067,105,110,114,69,74,,,,,,,,,,,,
,8:59:39,40,,,,,,,,,,,,,68,6363,6965,6951,4586,4887,5110,106,110,110,67,69,,,,,,,,,,,,
,9:09:39,40,,,,,,,,,,,,,67,6298,6969,7071,4677,4904,5068,107,113,124,67,74,,,,,,,,,,,,
,9:19:39,40,,,,,,,,,,,,,70,6443,7235,7125,4735,4930,5154,104,108,110,76,62,,,,,,,,,,,,
,9:29:39,40,,,,,,,,,,,,,68,6469,7222,7213,4627,4987,5091,106,114,127,72,72,,,,,,,,,,,,
,9:39:39,40,,,,,,,,,,,,,80,6530,7388,7419,4707,4981,5194,103,123,127,72,60,,,,,,,,,,,,
,9:49:39,40,,,,,,,,,,,,,69,6469,7508,7425,4683,5019,5212,119,124,136,66,63,,,,,,,,,,,,
,9:59:39,40,,,,,,,,,,,,,82,6551,7531,7521,4649,4998,5187,107,123,151,79,71,,,,,,,,,,,,
,10:09:39,40,,,,,,,,,,,,,68,6569,7547,7625,4640,5020,5216,120,124,151,65,71,,,,,,,,,,,,
,10:19:39,40,,,,,,,,,,,,,69,6538,7582,7599,4665,4985,5233,117,124,152,73,69,,,,,,,,,,,,
,10:29:39,40,,,,,,,,,,,,,72,6565,7665,7617,4730,4982,5191,123,120,160,82,65,,,,,,,,,,,,
,10:39:39,40,,,,,,,,,,,,,65,6697,7613,7712,4770,5106,5112,128,148,162,62,71,,,,,,,,,,,,
,10:49:39,40,,,,,,,,,,,,,64,6808,7450,7601,4747,5075,5260,138,152,162,60,70,,,,,,,,,,,,
,10:59:39,40,,,,,,,,,,,,,75,6794,7573,7651,4805,5008,5309,142,138,154,70,54,,,,,,,,,,,,
,11:09:39,40,,,,,,,,,,,,,62,6859,7522,7780,4800,5074,5271,142,139,163,69,69,,,,,,,,,,,,
,11:19:39,40,,,,,,,,,,,,,68,6970,7545,7750,4602,5079,5343,134,153,168,71,69,,,,,,,,,,,,
,11:29:39,40,,,,,,,,,,,,,73,7046,7564,7845,4661,5026,5230,161,163,179,73,68,,,,,,,,,,,,
,11:39:39,40,,,,,,,,,,,,,76,7123,7528,7863,4746,5113,5348,155,163,173,59,72,,,,,,,,,,,,
,11:49:39,40,,,,,,,,,,,,,66,7200,7699,7807,4634,5119,5297,153,156,182,74,77,,,,,,,,,,,,
,11:59:39,40,,,,,,,,,,,,,66,7260,7612,7837,4722,5094,5273,155,174,190,64,63,,,,,,,,,,,,
,12:09:39,40,,,,,,,,,,,,,71,7243,7801,7780,4762,5116,5290,158,174,202,65,69,,,,,,,,,,,,
,12:19:39,40,,,,,,,,,,,,,70,7077,7631,7769,4662,5104,5309,156,179,214,64,69,,,,,,,,,,,,
,12:29:39,40,,,,,,,,,,,,,69,7026,7503,7702,4720,5090,5295,167,194,211,70,72,,,,,,,,,,,,
,12:39:39,40,,,,,,,,,,,,,64,6960,7440,7831,4709,5155,5282,155,197,216,73,68,,,,,,,,,,,,
,12:49:39,40,,,,,,,,,,,,,69,6876,7420,7797,4720,5110,5322,179,196,230,68,68,,,,,,,,,,,,
,12:59:39,40,,,,,,,,,,,,,69,6890,7349,7660,4712,5103,5269,187,210,244,67,66,,,,,,,,,,,,
,13:09:39,40,,,,,,,,,,,,,63,6803,7222,7713,4715,5091,5180,190,211,244,66,69,,,,,,,,,,,,
,13:19:39,40,,,,,,,,,,,,,74,6895,7299,7651,4595,5119,5236,209,221,272,67,64,,,,,,,,,,,,
,13:29:39,40,,,,,,,,,,,,,67,6731,7244,7576,4606,5116,5322,205,226,264,68,65,,,,,,,,,,,,
,13:39:39,40,,,,,,,,,,,,,62,6694,7176,7537,4531,5081,5233,200,231,250,73,60,,,,,,,,,,,,
,13:49:39,40,,,,,,,,,,,,,66,6633,7164,7593,4583,5151,5217,215,234,260,71,68,,,,,,,,,,,,
,13:59:39,40,,,,,,,,,,,,,71,6659,7074,7397,4556,5048,5158,224,238,272,67,66,,,,,,,,,,,,
,14:09:39,40,,,,,,,,,,,,,65,6611,7147,7452,4521,5140,5226,204,258,278,66,68,,,,,,,,,,,,
,14:19:39,40,,,,,,,,,,,,,74,6571,7086,7306,4471,5148,5181,232,249,294,67,67,,,,,,,,,,,,
,14:29:39,40,,,,,,,,,,,,,76,6484,7010,7221,4428,5119,5099,202,266,306,70,70,,,,,,,,,,,,
,14:39:39,40,,,,,,,,,,,,,72,6578,7000,7185,4317,5125,5241,243,259,305,67,70,,,,,,,,,,,,
,14:49:39,40,,,,,,,,,,,,,72,6484,7075,7177,4373,5124,5076,243,279,312,72,73,,,,,,,,,,,,
,14:59:39,40,,,,,,,,,,,,,68,6587,7007,7035,4323,5070,5138,262,263,321,69,67,,,,,,,,,,,,
,15:09:39,40,,,,,,,,,,,,,66,6655,7021,6818,4276,5082,5107,253,304,333,70,67,,,,,,,,,,,,
,15:19:39,40,,,,,,,,,,,,,78,6602,6775,6792,4200,5005,5085,255,302,354,70,68,,,,,,,,,,,,
,15:29:39,40,,,,,,,,,,,,,68,6644,6852,6699,4169,5039,5059,272,294,360,74,68,,,,,,,,,,,,
,15:39:39,40,,,,,,,,,,,,,82,6516,6724,6737,4224,5053,5040,270,295,378,74,63,,,,,,,,,,,,
,15:49:39,40,,,,,,,,,,,,,69,6607,6891,6775,4266,5168,5106,266,297,371,62,72,,,,,,,,,,,,
,15:59:39,40,,,,,,,,,,,,,68,6777,6933,6944,4396,5268,5047,268,333,376,73,67,,,,,,,,,,,,
,16:09:39,40,,,,,,,,,,,,,68,6823,6896,6935,4516,5290,5119,305,337,378,68,69,,,,,,,,,,,,
,16:19:39,40,,,,,,,,,,,,,79,6878,7112,7056,4558,5368,5065,308,336,361,70,63,,,,,,,,,,,,
,16:29:39,40,,,,,,,,,,,,,73,6947,7200,7125,4636,5459,5138,292,329,376,60,63,,,,,,,,,,,,
,16:39:39,40,,,,,,,,,,,,,70,7074,7190,7199,4765,5508,5233,307,342,390,75,63,,,,,,,,,,,,
,16:49:39,40,,,,,,,,,,,,,81,7189,7332,7300,4894,5616,5176,323,353,408,72,66,,,,,,,,,,,,
,16:59:39,40,,,,,,,,,,,,,64,7296,7421,7275,4989,5699,5185,323,392,397,76,70,,,,,,,,,,,,
,17:09:39,40,,,,,,,,,,,,,70,7395,7555,7382,5009,5785,5255,328,372,399,69,74,,,,,,,,,,,,
,17:19:39,40,,,,,,,,,,,,,69,7527,7661,7400,5064,5805,5229,326,360,401,65,65,,,,,,,,,,,,
,17:29:39,40,,,,,,,,,,,,,73,7557,7625,7571,5161,5837,5315,345,362,439,66,69,,,,,,,,,,,,
,17:39:39,40,,,,,,,,,,,,,78,7592,7735,7601,5285,5850,5167,336,402,434,69,67,,,,,,,,,,,,
,17:49:39,40,,,,,,,,,,,,,79,7708,7814,7655,5313,6044,5194,352,394,460,66,65,,,,,,,,,,,,
,17:59:39,40,,,,,,,,,,,,,62,7822,7974,7737,5413,6035,5271,380,378,445,66,69,,,,,,,,,,,,
,18:09:39,40,,,,,,,,,,,,,72,7970,7878,7798,5329,6054,5271,378,413,479,69,73,,,,,,,,,,,,
,18:19:39,40,,,,,,,,,,,,,70,7966,8153,7757,5474,6064,5306,361,403,460,70,65,,,,,,,,,,,,
,18:29:39,40,,,,,,,,,,,,,73,8055,8135,7861,5452,6137,5338,377,420,485,67,74,,,,,,,,,,,,
,18:39:39,40,,,,,,,,,,,,,73,8146,8181,8012,5485,6174,5241,380,450,481,71,74,,,,,,,,,,,,
,18:49:39,40,,,,,,,,,,,,,78,8160,8209,8054,5534,6214,5386,404,428,492,75,73,,,,,,,,,,,,
,18:59:39,40,,,,,,,,,,,,,73,8290,8302,8080,5561,6300,5402,408,447,475,77,70,,,,,,,,,,,,
,19:09:39,40,,,,,,,,,,,,,67,8365,8437,8130,5555,6295,5381,402,426,492,73,63,,,,,,,,,,,,
,19:19:39,40,,,,,,,,,,,,,67,8371,8414,8178,5573,6351,5373,392,457,517,70,74,,,,,,,,,,,,
,19:29:39,40,,,,,,,,,,,,,73,8600,8375,8222,5637,6358,5450,408,454,524,69,70,,,,,,,,,,,,
,19:39:39,40,,,,,,,,,,,,,78,8656,8557,8261,5622,6335,5381,417,465,505,64,76,,,,,,,,,,,,
,19:49:39,40,,,,,,,,,,,,,69,8719,8640,8322,5777,6481,5427,410,472,545,65,66,,,,,,,,,,,,
,19:59:39,40,,,,,,,,,,,,,69,8789,8779,8452,5693,6390,5374,434,469,520,65,73,,,,,,,,,,,,
,20:09:39,40,,,,,,,,,,,,,65,8877,8767,8487,5720,6471,5490,438,480,526,68,66,,,,,,,,,,,,
,20:19:39,40,,,,,,,,,,,,,67,8909,8831,8410,5693,6523,5440,444,481,566,67,67,,,,,,,,,,,,
,20:29:39,40,,,,,,,,,,,,,72,8987,8893,8530,5754,6626,5521,464,480,580,74,69,,,,,,,,,,,,
,20:39:39,40,,,,,,,,,,,,,74,9144,8924,8606,5766,6504,5475,449,524,544,75,69,,,,,,,,,,,,
,20:49:39,40,,,,,,,,,,,,,72,9182,8999,8668,5909,6693,5504,475,511,558,66,78,,,,,,,,,,,,
,20:59:39,40,,,,,,,,,,,,,74,9170,9135,8625,5931,6640,5445,477,515,576,82,67,,,,,,,,,,,,
,21:09:39,40,,,,,,,,,,,,,74,9150,9125,8721,5787,6707,5525,466,535,569,65,65,,,,,,,,,,,,
,21:19:39,40,,,,,,,,,,,,,71,9303,9188,8719,5903,6660,5528,492,530,582,71,73,,,,,,,,,,,,
,21:29:39,40,,,,,,,,,,,,,72,9360,9216,8756,5952,6760,5620,473,515,578,62,63,,,,,,,,,,,,
,21:39:39,40,,,,,,,,,,,,,68,9390,9322,8933,6002,6820,5621,491,528,586,64,66,,,,,,,,,,,,
,21:49:39,40,,,,,,,,,,,,,73,9541,9336,8897,6124,6780,5615,523,556,623,65,65,,,,,,,,,,,,
,21:59:39,40,,,,,,,,,,,,,64,9631,9360,8956,6213,6763,5705,485,546,618,73,68,,,,,,,,,,,,
,22:09:39,40,,,,,,,,,,,,,62,9650,9455,9020,6197,6936,5769,500,560,610,73,61,,,,,,,,,,,,
,22:19:39,40,,,,,,,,,,,,,74,9694,9473,9000,6284,6990,5815,509,549,614,66,59,,,,,,,,,,,,
,22:29:39,40,,,,,,,,,,,,,67,9681,9496,9080,6335,6932,5875,507,555,599,69,66,,,,,,,,,,,,
,0:00:00,,,,,,,,,,,,,,,,,,,,,,,,,,,,,,,,,,,,,
,0:00:00,,,,,,,,,,,,,,,,,,,,,,,,,,,,,,,,,,,,,
,0:00:00,,,,,,,,,,,,,,,,,,,,,,,,,,,,,,,,,,,,,
,0:00:00,,,,,,,,,,,,,,,,,,,,,,,,,,,,,,,,,,,,,
,0:00:00,,,,,,,,,,,,,,,,,,,,,,,,,,,,,,,,,,,,,
,0:00:00,,,,,,,,,,,,,,,,,,,,,,,,,,,,,,,,,,,,,
,0:00:00,,,,,,,,,,,,,,,,,,,,,,,,,,,,,,,,,,,,,
,0:00:00,,,,,,,,,,,,,,,,,,,,,,,,,,,,,,,,,,,,,
,0:00:00,,,,,,,,,,,,,,,,,,,,,,,,,,,,,,,,,,,,,
,0:00:00,,,,,,,,,,,,,,,,,,,,,,,,,,,,,,,,,,,,,
,,,,,,,,,,,,,,,,,,,,,,,,,,,,,,,,,,,,,,
"Read 2:585,615",,,,,,,,,,,,,,,,,,,,,,,,,,,,,,,,,,,,,,
,,,,,,,,,,,,,,,,,,,,,,,,,,,,,,,,,,,,,,
,Time,"T° Read 2:585,615",C1,C2,C3,C4,C5,C6,C7,C8,C9,C10,C11,C12,D1,D2,D3,D4,D5,D6,D7,D8,D9,D10,D11,D12,E1,E2,E3,E4,E5,E6,E7,E8,E9,E10,E11,E12
,0:09:48,40,,,,,,,,,,,,,7,9,6,5,15,11,16,16,24,25,8,10,,,,,,,,,,,,
,0:19:48,39.9,,,,,,,,,,,,,9,8,7,9,14,13,15,23,18,23,8,8,,,,,,,,,,,,
,0:29:48,40,,,,,,,,,,,,,9,8,9,8,10,8,12,19,16,18,6,6,,,,,,,,,,,,
,0:39:48,40,,,,,,,,,,,,,9,5,11,6,15,12,20,17,21,22,8,6,,,,,,,,,,,,
,0:49:48,39.9,,,,,,,,,,,,,6,5,8,5,16,14,15,20,17,24,8,7,,,,,,,,,,,,
,0:59:48,40,,,,,,,,,,,,,8,9,9,6,9,9,18,16,14,18,5,10,,,,,,,,,,,,
,1:09:48,40,,,,,,,,,,,,,8,8,9,8,17,14,12,21,11,20,4,6,,,,,,,,,,,,
,1:19:48,40,,,,,,,,,,,,,6,7,7,8,16,12,15,15,20,27,7,10,,,,,,,,,,,,
,1:29:48,40,,,,,,,,,,,,,5,6,7,7,15,13,15,19,17,28,8,9,,,,,,,,,,,,
,1:39:48,40,,,,,,,,,,,,,3,8,4,7,14,14,17,15,17,27,10,12,,,,,,,,,,,,
,1:49:48,40,,,,,,,,,,,,,5,9,10,5,16,13,17,19,19,23,6,9,,,,,,,,,,,,
,1:59:48,40,,,,,,,,,,,,,7,7,5,4,17,14,14,28,16,27,7,6,,,,,,,,,,,,
,2:09:48,40,,,,,,,,,,,,,6,11,7,6,16,17,20,21,17,32,6,9,,,,,,,,,,,,
,2:19:48,40,,,,,,,,,,,,,10,11,4,5,18,18,23,30,21,33,6,9,,,,,,,,,,,,
,2:29:48,40,,,,,,,,,,,,,9,11,7,8,20,18,18,30,19,29,9,8,,,,,,,,,,,,
,2:39:48,40,,,,,,,,,,,,,7,8,8,9,15,17,19,27,20,31,6,7,,,,,,,,,,,,
,2:49:48,40,,,,,,,,,,,,,8,4,10,9,16,25,18,32,22,26,7,7,,,,,,,,,,,,
,2:59:48,40,,,,,,,,,,,,,7,7,9,6,15,25,16,31,24,40,8,5,,,,,,,,,,,,
,3:09:48,40,,,,,,,,,,,,,12,10,9,6,19,23,20,32,24,35,6,5,,,,,,,,,,,,
,3:19:48,40,,,,,,,,,,,,,8,7,10,4,16,20,21,39,25,32,4,10,,,,,,,,,,,,
,3:29:48,40,,,,,,,,,,,,,6,7,7,4,18,24,19,37,29,40,5,8,,,,,,,,,,,,
,3:39:48,40,,,,,,,,,,,,,6,5,9,6,19,22,20,38,33,41,10,9,,,,,,,,,,,,
,3:49:48,40,,,,,,,,,,,,,6,7,5,5,21,21,23,40,41,44,12,10,,,,,,,,,,,,
,3:59:48,40,,,,,,,,,,,,,6,8,8,6,20,22,24,56,36,54,6,6,,,,,,,,,,,,
,4:09:48,40,,,,,,,,,,,,,8,7,3,7,22,22,28,50,45,60,8,9,,,,,,,,,,,,
,4:19:48,40,,,,,,,,,,,,,7,7,5,7,22,22,28,55,55,57,7,7,,,,,,,,,,,,
,4:29:48,40,,,,,,,,,,,,,8,7,7,3,30,20,31,53,59,54,9,3,,,,,,,,,,,,
,4:39:48,40,,,,,,,,,,,,,8,7,6,6,29,32,26,60,63,64,6,8,,,,,,,,,,,,
,4:49:48,40,,,,,,,,,,,,,10,2,7,3,30,29,31,61,64,64,8,9,,,,,,,,,,,,
,4:59:48,40,,,,,,,,,,,,,5,7,8,11,34,33,40,50,70,63,7,7,,,,,,,,,,,,
,5:09:48,40,,,,,,,,,,,,,7,5,5,4,39,39,47,66,72,65,9,9,,,,,,,,,,,,
,5:19:48,40,,,,,,,,,,,,,6,5,7,5,36,35,43,76,80,83,11,6,,,,,,,,,,,,
,5:29:48,40,,,,,,,,,,,,,5,4,4,4,36,43,38,68,78,88,8,10,,,,,,,,,,,,
,5:39:48,40,,,,,,,,,,,,,8,7,5,4,45,39,51,78,84,96,9,6,,,,,,,,,,,,
,5:49:48,40,,,,,,,,,,,,,6,5,8,4,35,41,46,90,103,112,6,10,,,,,,,,,,,,
,5:59:48,40,,,,,,,,,,,,,8,5,7,2,37,44,40,103,99,123,5,7,,,,,,,,,,,,
,6:09:48,40,,,,,,,,,,,,,5,7,6,4,35,47,51,106,119,125,8,12,,,,,,,,,,,,
,6:19:48,40,,,,,,,,,,,,,2,4,4,3,44,44,48,103,118,140,5,9,,,,,,,,,,,,
,6:29:48,40,,,,,,,,,,,,,8,5,8,6,36,44,51,118,133,138,9,7,,,,,,,,,,,,
,6:39:48,40,,,,,,,,,,,,,6,8,4,4,44,52,53,127,141,159,4,9,,,,,,,,,,,,
,6:49:48,40,,,,,,,,,,,,,11,7,4,4,39,41,59,131,146,173,7,8,,,,,,,,,,,,
,6:59:48,40,,,,,,,,,,,,,9,5,6,5,34,52,55,144,184,189,9,7,,,,,,,,,,,,
,7:09:48,40,,,,,,,,,,,,,7,4,6,6,39,46,56,149,196,204,7,8,,,,,,,,,,,,
,7:19:48,40,,,,,,,,,,,,,9,4,6,4,46,47,61,178,198,206,6,7,,,,,,,,,,,,
,7:29:48,39.9,,,,,,,,,,,,,6,8,4,6,41,43,62,187,207,230,6,8,,,,,,,,,,,,
,7:39:48,40,,,,,,,,,,,,,10,8,4,5,46,50,60,216,239,255,6,8,,,,,,,,,,,,
,7:49:48,40,,,,,,,,,,,,,7,3,5,7,47,46,65,218,250,253,6,9,,,,,,,,,,,,
,7:59:48,40,,,,,,,,,,,,,10,4,5,5,48,54,61,241,267,288,7,9,,,,,,,,,,,,
,8:09:48,40,,,,,,,,,,,,,5,6,2,4,47,61,67,268,297,282,8,8,,,,,,,,,,,,
,8:19:48,40,,,,,,,,,,,,,10,7,3,5,43,51,65,281,332,316,6,10,,,,,,,,,,,,
,8:29:48,40,,,,,,,,,,,,,7,6,8,5,52,62,73,287,341,326,7,8,,,,,,,,,,,,
,8:39:48,40,,,,,,,,,,,,,7,4,5,4,51,61,71,311,343,332,8,8,,,,,,,,,,,,
,8:49:48,40,,,,,,,,,,,,,8,5,6,1,51,64,75,331,360,365,7,7,,,,,,,,,,,,
,8:59:48,40,,,,,,,,,,,,,3,4,4,5,50,72,80,339,408,381,5,10,,,,,,,,,,,,
,9:09:48,40,,,,,,,,,,,,,9,3,6,6,52,60,74,360,402,398,10,7,,,,,,,,,,,,
,9:19:48,40,,,,,,,,,,,,,2,3,7,4,48,55,73,376,431,438,8,7,,,,,,,,,,,,
,9:29:48,40,,,,,,,,,,,,,9,5,5,2,59,69,84,385,440,446,5,8,,,,,,,,,,,,
,9:39:48,40,,,,,,,,,,,,,6,4,5,6,64,60,90,423,463,469,11,9,,,,,,,,,,,,
,9:49:48,40,,,,,,,,,,,,,9,6,6,5,49,76,82,428,461,473,9,6,,,,,,,,,,,,
,9:59:48,40,,,,,,,,,,,,,8,6,5,8,50,64,85,438,498,523,7,5,,,,,,,,,,,,
,10:09:48,40,,,,,,,,,,,,,7,4,6,5,61,72,86,463,518,527,9,8,,,,,,,,,,,,
,10:19:48,40,,,,,,,,,,,,,5,6,5,7,57,73,110,469,526,573,4,6,,,,,,,,,,,,
,10:29:48,40,,,,,,,,,,,,,5,6,4,11,64,72,91,479,552,603,7,6,,,,,,,,,,,,
,10:39:48,40,,,,,,,,,,,,,9,6,5,3,59,73,100,518,534,597,6,10,,,,,,,,,,,,
,10:49:48,40,,,,,,,,,,,,,9,4,8,5,62,69,98,556,593,627,7,6,,,,,,,,,,,,
,10:59:48,40,,,,,,,,,,,,,8,5,8,3,65,79,96,561,609,679,9,7,,,,,,,,,,,,
,11:09:48,40,,,,,,,,,,,,,7,6,8,6,62,77,93,563,635,680,7,9,,,,,,,,,,,,
,11:19:48,40,,,,,,,,,,,,,8,6,9,5,70,69,102,602,665,725,7,7,,,,,,,,,,,,
,11:29:48,40,,,,,,,,,,,,,6,7,9,6,61,87,101,614,707,772,9,9,,,,,,,,,,,,
,11:39:48,40,,,,,,,,,,,,,3,9,4,6,62,82,99,640,702,770,7,12,,,,,,,,,,,,
,11:49:48,40,,,,,,,,,,,,,8,3,6,8,68,78,106,666,740,802,6,8,,,,,,,,,,,,
,11:59:48,40,,,,,,,,,,,,,8,7,5,9,76,89,119,692,783,824,8,8,,,,,,,,,,,,
,12:09:48,40,,,,,,,,,,,,,5,6,7,5,67,85,101,740,824,861,10,9,,,,,,,,,,,,
,12:19:48,40,,,,,,,,,,,,,7,5,5,5,66,91,119,735,832,899,6,7,,,,,,,,,,,,
,12:29:48,40,,,,,,,,,,,,,6,2,6,6,76,86,112,742,851,909,10,12,,,,,,,,,,,,
,12:39:48,40,,,,,,,,,,,,,10,4,6,6,71,98,109,809,907,903,7,8,,,,,,,,,,,,
,12:49:48,40,,,,,,,,,,,,,6,4,8,5,75,94,121,865,914,919,5,8,,,,,,,,,,,,
,12:59:48,40,,,,,,,,,,,,,8,5,4,5,69,84,120,823,931,949,7,10,,,,,,,,,,,,
,13:09:48,40,,,,,,,,,,,,,11,6,8,3,65,102,120,859,983,989,3,7,,,,,,,,,,,,
,13:19:48,40,,,,,,,,,,,,,11,7,6,7,74,94,128,918,1033,981,5,6,,,,,,,,,,,,
,13:29:48,40,,,,,,,,,,,,,7,5,5,5,76,94,122,936,1052,1038,10,7,,,,,,,,,,,,
,13:39:48,40,,,,,,,,,,,,,8,10,7,9,80,94,120,982,1112,1054,8,7,,,,,,,,,,,,
,13:49:48,40,,,,,,,,,,,,,7,6,8,4,78,99,131,995,1112,1069,9,11,,,,,,,,,,,,
,13:59:48,40,,,,,,,,,,,,,10,9,6,8,77,96,137,1044,1154,1065,7,10,,,,,,,,,,,,
,14:09:48,40,,,,,,,,,,,,,8,9,7,6,82,104,138,1018,1172,1158,11,10,,,,,,,,,,,,
,14:19:48,40,,,,,,,,,,,,,6,7,5,5,81,93,136,1084,1212,1162,10,10,,,,,,,,,,,,
,14:29:48,40,,,,,,,,,,,,,9,6,6,5,93,103,135,1170,1191,1168,8,12,,,,,,,,,,,,
,14:39:48,40,,,,,,,,,,,,,13,8,5,7,70,117,142,1174,1280,1229,7,7,,,,,,,,,,,,
,14:49:48,40,,,,,,,,,,,,,7,7,9,6,77,113,139,1257,1314,1269,9,10,,,,,,,,,,,,
,14:59:48,40,,,,,,,,,,,,,6,8,5,7,91,102,137,1233,1295,1291,8,7,,,,,,,,,,,,
,15:09:48,40,,,,,,,,,,,,,7,7,5,11,80,110,140,1272,1339,1353,7,10,,,,,,,,,,,,
,15:19:48,40,,,,,,,,,,,,,6,9,7,6,78,109,143,1293,1417,1331,7,10,,,,,,,,,,,,
,15:29:48,40,,,,,,,,,,,,,7,6,8,5,90,118,137,1319,1444,1397,6,8,,,,,,,,,,,,
,15:39:48,40,,,,,,,,,,,,,8,9,11,6,101,113,151,1321,1455,1438,6,6,,,,,,,,,,,,
,15:49:48,40,,,,,,,,,,,,,7,8,8,5,99,115,155,1375,1407,1443,7,8,,,,,,,,,,,,
,15:59:48,40,,,,,,,,,,,,,4,3,9,6,85,130,156,1419,1511,1463,8,7,,,,,,,,,,,,
,16:09:48,40,,,,,,,,,,,,,7,8,5,6,97,134,172,1435,1567,1546,5,9,,,,,,,,,,,,
,16:19:48,40,,,,,,,,,,,,,10,11,9,9,113,134,168,1489,1556,1587,9,10,,,,,,,,,,,,
,16:29:48,40,,,,,,,,,,,,,6,4,10,7,100,128,160,1504,1598,1641,8,7,,,,,,,,,,,,
,16:39:48,40,,,,,,,,,,,,,7,6,9,6,114,133,172,1515,1712,1639,6,8,,,,,,,,,,,,
,16:49:48,40,,,,,,,,,,,,,6,8,4,7,100,137,178,1511,1662,1734,6,8,,,,,,,,,,,,
,16:59:48,40,,,,,,,,,,,,,6,9,6,5,110,137,176,1604,1721,1717,9,5,,,,,,,,,,,,
,17:09:48,40,,,,,,,,,,,,,6,6,5,9,104,135,178,1628,1731,1783,9,6,,,,,,,,,,,,
,17:19:48,40,,,,,,,,,,,,,6,4,6,10,113,138,179,1630,1774,1803,9,10,,,,,,,,,,,,
,17:29:48,40,,,,,,,,,,,,,5,8,7,7,103,152,185,1708,1780,1854,8,5,,,,,,,,,,,,
,17:39:48,40,,,,,,,,,,,,,5,4,2,7,111,150,189,1718,1824,1905,6,10,,,,,,,,,,,,
,17:49:48,40,,,,,,,,,,,,,4,4,6,8,123,149,185,1739,1835,1947,6,9,,,,,,,,,,,,
,17:59:48,40,,,,,,,,,,,,,4,5,6,5,121,152,200,1781,1904,1915,7,8,,,,,,,,,,,,
,18:09:48,40,,,,,,,,,,,,,10,8,4,6,121,148,188,1812,1898,2031,8,8,,,,,,,,,,,,
,18:19:48,40,,,,,,,,,,,,,7,9,6,4,121,152,208,1843,1933,2045,10,9,,,,,,,,,,,,
,18:29:48,40,,,,,,,,,,,,,9,6,7,7,125,154,194,1850,2020,2071,6,5,,,,,,,,,,,,
,18:39:48,40,,,,,,,,,,,,,5,5,8,4,119,160,181,1896,2033,2169,8,9,,,,,,,,,,,,
,18:49:48,40,,,,,,,,,,,,,3,8,6,9,121,164,200,1926,2049,2139,4,7,,,,,,,,,,,,
,18:59:48,40,,,,,,,,,,,,,5,7,9,9,145,170,201,1931,2032,2162,7,6,,,,,,,,,,,,
,19:09:48,40,,,,,,,,,,,,,8,5,5,5,141,161,208,1942,2125,2222,6,10,,,,,,,,,,,,
,19:19:48,40,,,,,,,,,,,,,8,4,7,7,123,165,214,2107,2153,2300,5,11,,,,,,,,,,,,
,19:29:48,40,,,,,,,,,,,,,9,8,7,6,133,151,220,2050,2176,2309,9,7,,,,,,,,,,,,
,19:39:48,40,,,,,,,,,,,,,6,4,7,6,124,161,201,2024,2192,2353,11,10,,,,,,,,,,,,
,19:49:48,40,,,,,,,,,,,,,8,4,10,5,121,167,214,2156,2236,2422,6,9,,,,,,,,,,,,
,19:59:48,40,,,,,,,,,,,,,8,8,6,6,135,168,227,2148,2222,2461,8,8,,,,,,,,,,,,
,20:09:48,40,,,,,,,,,,,,,10,8,10,3,134,168,210,2195,2250,2457,6,9,,,,,,,,,,,,
,20:19:48,40,,,,,,,,,,,,,10,4,4,6,138,187,216,2202,2339,2461,9,9,,,,,,,,,,,,
,20:29:48,40,,,,,,,,,,,,,8,6,4,4,134,172,223,2239,2360,2525,8,5,,,,,,,,,,,,
,20:39:48,40,,,,,,,,,,,,,9,3,7,4,130,158,230,2246,2405,2610,7,8,,,,,,,,,,,,
,20:49:48,40,,,,,,,,,,,,,10,5,4,7,138,176,229,2315,2486,2651,6,5,,,,,,,,,,,,
,20:59:48,40,,,,,,,,,,,,,10,3,8,9,137,177,223,2375,2448,2691,7,9,,,,,,,,,,,,
,21:09:48,40,,,,,,,,,,,,,9,8,8,8,146,177,243,2412,2473,2716,7,6,,,,,,,,,,,,
,21:19:48,40,,,,,,,,,,,,,6,5,10,6,150,175,231,2417,2551,2774,7,10,,,,,,,,,,,,
,21:29:48,40,,,,,,,,,,,,,6,3,5,5,140,164,227,2478,2630,2766,8,11,,,,,,,,,,,,
,21:39:48,40,,,,,,,,,,,,,7,6,8,8,157,181,255,2550,2658,2828,7,10,,,,,,,,,,,,
,21:49:48,40,,,,,,,,,,,,,10,5,9,7,146,171,230,2546,2665,2866,7,8,,,,,,,,,,,,
,21:59:48,40,,,,,,,,,,,,,4,10,9,5,140,180,246,2540,2695,2925,11,8,,,,,,,,,,,,
,22:09:48,40,,,,,,,,,,,,,8,8,5,9,154,187,258,2615,2749,2989,7,9,,,,,,,,,,,,
,22:19:48,40,,,,,,,,,,,,,8,5,9,6,150,185,248,2653,2791,2990,8,9,,,,,,,,,,,,
,22:29:48,40,,,,,,,,,,,,,5,7,10,7,162,163,265,2659,2818,3041,5,7,,,,,,,,,,,,
,0:00:00,,,,,,,,,,,,,,,,,,,,,,,,,,,,,,,,,,,,,
,0:00:00,,,,,,,,,,,,,,,,,,,,,,,,,,,,,,,,,,,,,
,0:00:00,,,,,,,,,,,,,,,,,,,,,,,,,,,,,,,,,,,,,
,0:00:00,,,,,,,,,,,,,,,,,,,,,,,,,,,,,,,,,,,,,
,0:00:00,,,,,,,,,,,,,,,,,,,,,,,,,,,,,,,,,,,,,
,0:00:00,,,,,,,,,,,,,,,,,,,,,,,,,,,,,,,,,,,,,
,0:00:00,,,,,,,,,,,,,,,,,,,,,,,,,,,,,,,,,,,,,
,0:00:00,,,,,,,,,,,,,,,,,,,,,,,,,,,,,,,,,,,,,
,0:00:00,,,,,,,,,,,,,,,,,,,,,,,,,,,,,,,,,,,,,
,0:00:00,,,,,,,,,,,,,,,,,,,,,,,,,,,,,,,,,,,,,
,,,,,,,,,,,,,,,,,,,,,,,,,,,,,,,,,,,,,,
Results,,,,,,,,,,,,,,,,,,,,,,,,,,,,,,,,,,,,,,
,,,,,,,,,,,,,,,,,,,,,,,,,,,,,,,,,,,,,,
,,1,2,3,4,5,6,7,8,9,10,11,12,,,,,,,,,,,,,,,,,,,,,,,,,
,A,,,,,,,,,,,,,Max V [Read 1:600],,,,,,,,,,,,,,,,,,,,,,,,
,,,,,,,,,,,,,,R-Squared [Read 1:600],,,,,,,,,,,,,,,,,,,,,,,,
,,,,,,,,,,,,,,t at Max V [Read 1:600],,,,,,,,,,,,,,,,,,,,,,,,
,,,,,,,,,,,,,,Lagtime [Read 1:600],,,,,,,,,,,,,,,,,,,,,,,,
,,,,,,,,,,,,,,"Max V [Read 2:510,540]",,,,,,,,,,,,,,,,,,,,,,,,
,,,,,,,,,,,,,,"R-Squared [Read 2:510,540]",,,,,,,,,,,,,,,,,,,,,,,,
,,,,,,,,,,,,,,"t at Max V [Read 2:510,540]",,,,,,,,,,,,,,,,,,,,,,,,
,,,,,,,,,,,,,,"Lagtime [Read 2:510,540]",,,,,,,,,,,,,,,,,,,,,,,,
,,,,,,,,,,,,,,"Max V [Read 2:585,615]",,,,,,,,,,,,,,,,,,,,,,,,
,,,,,,,,,,,,,,"R-Squared [Read 2:585,615]",,,,,,,,,,,,,,,,,,,,,,,,
,,,,,,,,,,,,,,"t at Max V [Read 2:585,615]",,,,,,,,,,,,,,,,,,,,,,,,
,,,,,,,,,,,,,,"Lagtime [Read 2:585,615]",,,,,,,,,,,,,,,,,,,,,,,,
,B,,,,,,,,,,,,,Max V [Read 1:600],,,,,,,,,,,,,,,,,,,,,,,,
,,,,,,,,,,,,,,R-Squared [Read 1:600],,,,,,,,,,,,,,,,,,,,,,,,
,,,,,,,,,,,,,,t at Max V [Read 1:600],,,,,,,,,,,,,,,,,,,,,,,,
,,,,,,,,,,,,,,Lagtime [Read 1:600],,,,,,,,,,,,,,,,,,,,,,,,
,,,,,,,,,,,,,,"Max V [Read 2:510,540]",,,,,,,,,,,,,,,,,,,,,,,,
,,,,,,,,,,,,,,"R-Squared [Read 2:510,540]",,,,,,,,,,,,,,,,,,,,,,,,
,,,,,,,,,,,,,,"t at Max V [Read 2:510,540]",,,,,,,,,,,,,,,,,,,,,,,,
,,,,,,,,,,,,,,"Lagtime [Read 2:510,540]",,,,,,,,,,,,,,,,,,,,,,,,
,,,,,,,,,,,,,,"Max V [Read 2:585,615]",,,,,,,,,,,,,,,,,,,,,,,,
,,,,,,,,,,,,,,"R-Squared [Read 2:585,615]",,,,,,,,,,,,,,,,,,,,,,,,
,,,,,,,,,,,,,,"t at Max V [Read 2:585,615]",,,,,,,,,,,,,,,,,,,,,,,,
,,,,,,,,,,,,,,"Lagtime [Read 2:585,615]",,,,,,,,,,,,,,,,,,,,,,,,
,C,?????,?????,?????,?????,?????,?????,?????,?????,?????,?????,?????,?????,Max V [Read 1:600],,,,,,,,,,,,,,,,,,,,,,,,
,,?????,?????,?????,?????,?????,?????,?????,?????,?????,?????,?????,?????,R-Squared [Read 1:600],,,,,,,,,,,,,,,,,,,,,,,,
,,?????,?????,?????,?????,?????,?????,?????,?????,?????,?????,?????,?????,t at Max V [Read 1:600],,,,,,,,,,,,,,,,,,,,,,,,
,,?????,?????,?????,?????,?????,?????,?????,?????,?????,?????,?????,?????,Lagtime [Read 1:600],,,,,,,,,,,,,,,,,,,,,,,,
,,?????,?????,?????,?????,?????,?????,?????,?????,?????,?????,?????,?????,"Max V [Read 2:510,540]",,,,,,,,,,,,,,,,,,,,,,,,
,,?????,?????,?????,?????,?????,?????,?????,?????,?????,?????,?????,?????,"R-Squared [Read 2:510,540]",,,,,,,,,,,,,,,,,,,,,,,,
,,?????,?????,?????,?????,?????,?????,?????,?????,?????,?????,?????,?????,"t at Max V [Read 2:510,540]",,,,,,,,,,,,,,,,,,,,,,,,
,,?????,?????,?????,?????,?????,?????,?????,?????,?????,?????,?????,?????,"Lagtime [Read 2:510,540]",,,,,,,,,,,,,,,,,,,,,,,,
,,?????,?????,?????,?????,?????,?????,?????,?????,?????,?????,?????,?????,"Max V [Read 2:585,615]",,,,,,,,,,,,,,,,,,,,,,,,
,,?????,?????,?????,?????,?????,?????,?????,?????,?????,?????,?????,?????,"R-Squared [Read 2:585,615]",,,,,,,,,,,,,,,,,,,,,,,,
,,?????,?????,?????,?????,?????,?????,?????,?????,?????,?????,?????,?????,"t at Max V [Read 2:585,615]",,,,,,,,,,,,,,,,,,,,,,,,
,,?????,?????,?????,?????,?????,?????,?????,?????,?????,?????,?????,?????,"Lagtime [Read 2:585,615]",,,,,,,,,,,,,,,,,,,,,,,,
,D,0.04,3.15,5.01,3.04,3.7,2.02,1.97,1.66,1.95,1.59,-0.03,-0.03,Max V [Read 1:600],,,,,,,,,,,,,,,,,,,,,,,,
,,1,1,1,1,1,1,1,1,1,1,1,1,R-Squared [Read 1:600],,,,,,,,,,,,,,,,,,,,,,,,
,,0:44:31,11:44:31,8:34:31,8:34:31,15:34:31,15:04:31,6:14:31,9:04:31,8:34:31,11:24:31,14:34:31,3:14:31,t at Max V [Read 1:600],,,,,,,,,,,,,,,,,,,,,,,,
,,0:47:01,8:20:57,7:04:54,6:17:27,13:06:37,10:21:18,4:29:58,7:07:57,7:10:08,7:20:39,14:36:11,3:12:51,Lagtime [Read 1:600],,,,,,,,,,,,,,,,,,,,,,,,
,,-1700,40000,35400,43200,23700,29900,25300,4100,4400,4000,-2000,-1600,"Max V [Read 2:510,540]",,,,,,,,,,,,,,,,,,,,,,,,
,,1,1,1,1,1,1,1,1,1,1,1,1,"R-Squared [Read 2:510,540]",,,,,,,,,,,,,,,,,,,,,,,,
,,16:54:39,5:34:39,4:54:39,5:04:39,5:44:39,4:14:39,5:34:39,14:34:39,20:34:39,19:44:39,10:34:39,10:54:39,"t at Max V [Read 2:510,540]",,,,,,,,,,,,,,,,,,,,,,,,
,,16:50:14,3:45:42,3:17:44,3:40:05,3:38:56,3:22:28,3:41:49,13:59:24,18:58:17,17:51:09,10:31:39,10:52:09,"Lagtime [Read 2:510,540]",,,,,,,,,,,,,,,,,,,,,,,,
,,-700,-700,600,800,2400,-2200,2800,16500,11400,11600,-600,500,"Max V [Read 2:585,615]",,,,,,,,,,,,,,,,,,,,,,,,
,,1,1,1,1,1,1,1,1,1,1,1,1,"R-Squared [Read 2:585,615]",,,,,,,,,,,,,,,,,,,,,,,,
,,9:14:48,16:24:48,1:44:48,4:54:48,18:54:48,22:24:48,21:34:48,19:14:48,16:34:48,18:04:48,3:54:48,3:14:48,"t at Max V [Read 2:585,615]",,,,,,,,,,,,,,,,,,,,,,,,
,,9:12:39,16:22:39,1:43:08,4:52:18,18:05:38,?????,20:14:27,17:13:04,14:11:44,15:16:52,3:56:28,3:19:48,"Lagtime [Read 2:585,615]",,,,,,,,,,,,,,,,,,,,,,,,
,E,?????,?????,?????,?????,?????,?????,?????,?????,?????,?????,?????,?????,Max V [Read 1:600],,,,,,,,,,,,,,,,,,,,,,,,
,,?????,?????,?????,?????,?????,?????,?????,?????,?????,?????,?????,?????,R-Squared [Read 1:600],,,,,,,,,,,,,,,,,,,,,,,,
,,?????,?????,?????,?????,?????,?????,?????,?????,?????,?????,?????,?????,t at Max V [Read 1:600],,,,,,,,,,,,,,,,,,,,,,,,
,,?????,?????,?????,?????,?????,?????,?????,?????,?????,?????,?????,?????,Lagtime [Read 1:600],,,,,,,,,,,,,,,,,,,,,,,,
,,?????,?????,?????,?????,?????,?????,?????,?????,?????,?????,?????,?????,"Max V [Read 2:510,540]",,,,,,,,,,,,,,,,,,,,,,,,
,,?????,?????,?????,?????,?????,?????,?????,?????,?????,?????,?????,?????,"R-Squared [Read 2:510,540]",,,,,,,,,,,,,,,,,,,,,,,,
,,?????,?????,?????,?????,?????,?????,?????,?????,?????,?????,?????,?????,"t at Max V [Read 2:510,540]",,,,,,,,,,,,,,,,,,,,,,,,
,,?????,?????,?????,?????,?????,?????,?????,?????,?????,?????,?????,?????,"Lagtime [Read 2:510,540]",,,,,,,,,,,,,,,,,,,,,,,,
,,?????,?????,?????,?????,?????,?????,?????,?????,?????,?????,?????,?????,"Max V [Read 2:585,615]",,,,,,,,,,,,,,,,,,,,,,,,
,,?????,?????,?????,?????,?????,?????,?????,?????,?????,?????,?????,?????,"R-Squared [Read 2:585,615]",,,,,,,,,,,,,,,,,,,,,,,,
,,?????,?????,?????,?????,?????,?????,?????,?????,?????,?????,?????,?????,"t at Max V [Read 2:585,615]",,,,,,,,,,,,,,,,,,,,,,,,
,,?????,?????,?????,?????,?????,?????,?????,?????,?????,?????,?????,?????,"Lagtime [Read 2:585,615]",,,,,,,,,,,,,,,,,,,,,,,,
,F,,,,,,,,,,,,,Max V [Read 1:600],,,,,,,,,,,,,,,,,,,,,,,,
,,,,,,,,,,,,,,R-Squared [Read 1:600],,,,,,,,,,,,,,,,,,,,,,,,
,,,,,,,,,,,,,,t at Max V [Read 1:600],,,,,,,,,,,,,,,,,,,,,,,,
,,,,,,,,,,,,,,Lagtime [Read 1:600],,,,,,,,,,,,,,,,,,,,,,,,
,,,,,,,,,,,,,,"Max V [Read 2:510,540]",,,,,,,,,,,,,,,,,,,,,,,,
,,,,,,,,,,,,,,"R-Squared [Read 2:510,540]",,,,,,,,,,,,,,,,,,,,,,,,
,,,,,,,,,,,,,,"t at Max V [Read 2:510,540]",,,,,,,,,,,,,,,,,,,,,,,,
,,,,,,,,,,,,,,"Lagtime [Read 2:510,540]",,,,,,,,,,,,,,,,,,,,,,,,
,,,,,,,,,,,,,,"Max V [Read 2:585,615]",,,,,,,,,,,,,,,,,,,,,,,,
,,,,,,,,,,,,,,"R-Squared [Read 2:585,615]",,,,,,,,,,,,,,,,,,,,,,,,
,,,,,,,,,,,,,,"t at Max V [Read 2:585,615]",,,,,,,,,,,,,,,,,,,,,,,,
,,,,,,,,,,,,,,"Lagtime [Read 2:585,615]",,,,,,,,,,,,,,,,,,,,,,,,
,G,,,,,,,,,,,,,Max V [Read 1:600],,,,,,,,,,,,,,,,,,,,,,,,
,,,,,,,,,,,,,,R-Squared [Read 1:600],,,,,,,,,,,,,,,,,,,,,,,,
,,,,,,,,,,,,,,t at Max V [Read 1:600],,,,,,,,,,,,,,,,,,,,,,,,
,,,,,,,,,,,,,,Lagtime [Read 1:600],,,,,,,,,,,,,,,,,,,,,,,,
,,,,,,,,,,,,,,"Max V [Read 2:510,540]",,,,,,,,,,,,,,,,,,,,,,,,
,,,,,,,,,,,,,,"R-Squared [Read 2:510,540]",,,,,,,,,,,,,,,,,,,,,,,,
,,,,,,,,,,,,,,"t at Max V [Read 2:510,540]",,,,,,,,,,,,,,,,,,,,,,,,
,,,,,,,,,,,,,,"Lagtime [Read 2:510,540]",,,,,,,,,,,,,,,,,,,,,,,,
,,,,,,,,,,,,,,"Max V [Read 2:585,615]",,,,,,,,,,,,,,,,,,,,,,,,
,,,,,,,,,,,,,,"R-Squared [Read 2:585,615]",,,,,,,,,,,,,,,,,,,,,,,,
,,,,,,,,,,,,,,"t at Max V [Read 2:585,615]",,,,,,,,,,,,,,,,,,,,,,,,
,,,,,,,,,,,,,,"Lagtime [Read 2:585,615]",,,,,,,,,,,,,,,,,,,,,,,,
,H,,,,,,,,,,,,,Max V [Read 1:600],,,,,,,,,,,,,,,,,,,,,,,,
,,,,,,,,,,,,,,R-Squared [Read 1:600],,,,,,,,,,,,,,,,,,,,,,,,
,,,,,,,,,,,,,,t at Max V [Read 1:600],,,,,,,,,,,,,,,,,,,,,,,,
,,,,,,,,,,,,,,Lagtime [Read 1:600],,,,,,,,,,,,,,,,,,,,,,,,
,,,,,,,,,,,,,,"Max V [Read 2:510,540]",,,,,,,,,,,,,,,,,,,,,,,,
,,,,,,,,,,,,,,"R-Squared [Read 2:510,540]",,,,,,,,,,,,,,,,,,,,,,,,
,,,,,,,,,,,,,,"t at Max V [Read 2:510,540]",,,,,,,,,,,,,,,,,,,,,,,,
,,,,,,,,,,,,,,"Lagtime [Read 2:510,540]",,,,,,,,,,,,,,,,,,,,,,,,
,,,,,,,,,,,,,,"Max V [Read 2:585,615]",,,,,,,,,,,,,,,,,,,,,,,,
,,,,,,,,,,,,,,"R-Squared [Read 2:585,615]",,,,,,,,,,,,,,,,,,,,,,,,
,,,,,,,,,,,,,,"t at Max V [Read 2:585,615]",,,,,,,,,,,,,,,,,,,,,,,,
,,,,,,,,,,,,,,"Lagtime [Read 2:585,615]",,,,,,,,,,,,,,,,,,,,,,,,
